category_id,category_name,product_id,num_ingredients,date_updated
1,Moisturizer,102,20,2021-10-25 19:24:46.277431
1,Moisturizer,49,21,2021-10-25 19:24:46.277464
1,Moisturizer,104,47,2021-10-25 19:24:46.277478
1,Moisturizer,7,21,2021-10-25 19:24:46.277490
1,Moisturizer,30,47,2021-10-25 19:24:46.277502
1,Moisturizer,92,36,2021-10-25 19:24:46.277514
1,Moisturizer,6,24,2021-10-25 19:24:46.277543
1,Moisturizer,25,75,2021-10-25 19:24:46.277557
1,Moisturizer,96,50,2021-10-25 19:24:46.277569
1,Moisturizer,80,22,2021-10-25 19:24:46.277578
1,Moisturizer,86,32,2021-10-25 19:24:46.277585
1,Moisturizer,4,37,2021-10-25 19:24:46.277592
1,Moisturizer,34,21,2021-10-25 19:24:46.277598
1,Moisturizer,103,54,2021-10-25 19:24:46.277606
1,Moisturizer,91,33,2021-10-25 19:24:46.277621
1,Moisturizer,24,5,2021-10-25 19:24:46.277633
1,Moisturizer,108,79,2021-10-25 19:24:46.277643
1,Moisturizer,87,19,2021-10-25 19:24:46.277670
1,Moisturizer,27,6,2021-10-25 19:24:46.277682
1,Moisturizer,83,18,2021-10-25 19:24:46.277697
1,Moisturizer,67,61,2021-10-25 19:24:46.277865
1,Moisturizer,22,13,2021-10-25 19:24:46.277874
1,Moisturizer,55,18,2021-10-25 19:24:46.277887
1,Moisturizer,69,29,2021-10-25 19:24:46.277901
1,Moisturizer,57,9,2021-10-25 19:24:46.277913
1,Moisturizer,42,9,2021-10-25 19:24:46.277925
1,Moisturizer,73,34,2021-10-25 19:24:46.277938
1,Moisturizer,63,24,2021-10-25 19:24:46.277959
1,Moisturizer,23,39,2021-10-25 19:24:46.277975
1,Moisturizer,2,31,2021-10-25 19:24:46.277989
1,Moisturizer,79,39,2021-10-25 19:24:46.277999
1,Moisturizer,88,34,2021-10-25 19:24:46.278020
1,Moisturizer,95,18,2021-10-25 19:24:46.278036
1,Moisturizer,75,34,2021-10-25 19:24:46.278044
1,Moisturizer,68,27,2021-10-25 19:24:46.278052
1,Moisturizer,65,37,2021-10-25 19:24:46.278060
1,Moisturizer,106,21,2021-10-25 19:24:46.278074
1,Moisturizer,94,24,2021-10-25 19:24:46.278093
1,Moisturizer,74,35,2021-10-25 19:24:46.278102
1,Moisturizer,71,42,2021-10-25 19:24:46.278118
1,Moisturizer,107,29,2021-10-25 19:24:46.278130
1,Moisturizer,31,26,2021-10-25 19:24:46.278142
1,Moisturizer,58,24,2021-10-25 19:24:46.278154
1,Moisturizer,28,23,2021-10-25 19:24:46.278161
1,Moisturizer,5,23,2021-10-25 19:24:46.278229
1,Moisturizer,70,34,2021-10-25 19:24:46.278244
1,Moisturizer,9,26,2021-10-25 19:24:46.278251
1,Moisturizer,72,22,2021-10-25 19:24:46.278260
1,Moisturizer,46,37,2021-10-25 19:24:46.278274
1,Moisturizer,21,32,2021-10-25 19:24:46.278280
1,Moisturizer,47,15,2021-10-25 19:24:46.278292
1,Moisturizer,48,34,2021-10-25 19:24:46.278308
1,Moisturizer,20,34,2021-10-25 19:24:46.278897
1,Moisturizer,54,31,2021-10-25 19:24:46.278907
1,Moisturizer,56,4,2021-10-25 19:24:46.278914
1,Moisturizer,60,19,2021-10-25 19:24:46.278922
1,Moisturizer,1,45,2021-10-25 19:24:46.278928
1,Moisturizer,97,30,2021-10-25 19:24:46.278937
1,Moisturizer,3,18,2021-10-25 19:24:46.278949
1,Moisturizer,38,27,2021-10-25 19:24:46.278956
1,Moisturizer,82,18,2021-10-25 19:24:46.278964
1,Moisturizer,32,23,2021-10-25 19:24:46.278971
1,Moisturizer,17,13,2021-10-25 19:24:46.278980
1,Moisturizer,19,27,2021-10-25 19:24:46.278987
1,Moisturizer,53,33,2021-10-25 19:24:46.278996
1,Moisturizer,50,23,2021-10-25 19:24:46.279005
1,Moisturizer,52,29,2021-10-25 19:24:46.279015
1,Moisturizer,76,52,2021-10-25 19:24:46.279021
1,Moisturizer,51,23,2021-10-25 19:24:46.279028
1,Moisturizer,14,21,2021-10-25 19:24:46.279034
1,Moisturizer,85,30,2021-10-25 19:24:46.279043
1,Moisturizer,45,34,2021-10-25 19:24:46.279055
1,Moisturizer,16,6,2021-10-25 19:24:46.279067
1,Moisturizer,99,42,2021-10-25 19:24:46.279107
1,Moisturizer,43,27,2021-10-25 19:24:46.279119
1,Moisturizer,44,34,2021-10-25 19:24:46.279129
1,Moisturizer,90,31,2021-10-25 19:24:46.279137
1,Moisturizer,61,50,2021-10-25 19:24:46.279201
1,Moisturizer,15,25,2021-10-25 19:24:46.279216
1,Moisturizer,18,17,2021-10-25 19:24:46.279226
1,Moisturizer,81,44,2021-10-25 19:24:46.279233
1,Moisturizer,78,47,2021-10-25 19:24:46.279240
1,Moisturizer,39,53,2021-10-25 19:24:46.279246
1,Moisturizer,33,13,2021-10-25 19:24:46.279255
1,Moisturizer,12,30,2021-10-25 19:24:46.279264
1,Moisturizer,62,40,2021-10-25 19:24:46.279277
1,Moisturizer,59,37,2021-10-25 19:24:46.279290
1,Moisturizer,98,36,2021-10-25 19:24:46.279298
1,Moisturizer,26,39,2021-10-25 19:24:46.279331
1,Moisturizer,35,69,2021-10-25 19:24:46.279343
1,Moisturizer,41,37,2021-10-25 19:24:46.279349
1,Moisturizer,29,28,2021-10-25 19:24:46.279362
1,Moisturizer,8,45,2021-10-25 19:24:46.279370
1,Moisturizer,100,34,2021-10-25 19:24:46.279382
1,Moisturizer,101,40,2021-10-25 19:24:46.279396
1,Moisturizer,10,35,2021-10-25 19:24:46.279413
1,Moisturizer,11,23,2021-10-25 19:24:46.279431
1,Moisturizer,40,17,2021-10-25 19:24:46.279442
1,Moisturizer,64,30,2021-10-25 19:24:46.279450
1,Moisturizer,77,55,2021-10-25 19:24:46.279457
1,Moisturizer,36,75,2021-10-25 19:24:46.279468
1,Moisturizer,66,22,2021-10-25 19:24:46.279478
1,Moisturizer,89,43,2021-10-25 19:24:46.279490
1,Moisturizer,13,21,2021-10-25 19:24:46.279504
1,Moisturizer,37,26,2021-10-25 19:24:46.279518
1,Moisturizer,93,34,2021-10-25 19:24:46.279528
1,Moisturizer,105,22,2021-10-25 19:24:46.279535
1,Moisturizer,84,48,2021-10-25 19:24:46.279547
2,Serum,181,24,2021-10-25 19:24:46.288630
2,Serum,212,29,2021-10-25 19:24:46.288684
2,Serum,143,28,2021-10-25 19:24:46.288723
2,Serum,111,2,2021-10-25 19:24:46.288755
2,Serum,126,37,2021-10-25 19:24:46.288768
2,Serum,149,11,2021-10-25 19:24:46.288780
2,Serum,167,29,2021-10-25 19:24:46.288801
2,Serum,202,44,2021-10-25 19:24:46.288815
2,Serum,129,26,2021-10-25 19:24:46.288823
2,Serum,141,34,2021-10-25 19:24:46.288832
2,Serum,207,55,2021-10-25 19:24:46.288840
2,Serum,210,22,2021-10-25 19:24:46.288850
2,Serum,152,21,2021-10-25 19:24:46.288862
2,Serum,204,33,2021-10-25 19:24:46.288871
2,Serum,186,45,2021-10-25 19:24:46.288880
2,Serum,133,26,2021-10-25 19:24:46.288890
2,Serum,120,48,2021-10-25 19:24:46.288899
2,Serum,205,28,2021-10-25 19:24:46.288908
2,Serum,153,21,2021-10-25 19:24:46.288916
2,Serum,162,32,2021-10-25 19:24:46.288925
2,Serum,119,24,2021-10-25 19:24:46.288938
2,Serum,118,27,2021-10-25 19:24:46.288953
2,Serum,130,47,2021-10-25 19:24:46.288966
2,Serum,113,39,2021-10-25 19:24:46.289013
2,Serum,157,20,2021-10-25 19:24:46.289027
2,Serum,121,6,2021-10-25 19:24:46.289035
2,Serum,172,27,2021-10-25 19:24:46.289047
2,Serum,215,25,2021-10-25 19:24:46.289057
2,Serum,206,25,2021-10-25 19:24:46.289069
2,Serum,147,58,2021-10-25 19:24:46.289078
2,Serum,160,24,2021-10-25 19:24:46.289090
2,Serum,177,25,2021-10-25 19:24:46.289105
2,Serum,163,15,2021-10-25 19:24:46.289115
2,Serum,193,35,2021-10-25 19:24:46.289141
2,Serum,132,14,2021-10-25 19:24:46.289152
2,Serum,188,19,2021-10-25 19:24:46.289256
2,Serum,171,52,2021-10-25 19:24:46.289282
2,Serum,144,28,2021-10-25 19:24:46.289290
2,Serum,122,29,2021-10-25 19:24:46.289297
2,Serum,117,10,2021-10-25 19:24:46.289303
2,Serum,110,50,2021-10-25 19:24:46.289314
2,Serum,211,66,2021-10-25 19:24:46.289322
2,Serum,180,43,2021-10-25 19:24:46.289341
2,Serum,192,36,2021-10-25 19:24:46.289363
2,Serum,148,58,2021-10-25 19:24:46.289377
2,Serum,197,31,2021-10-25 19:24:46.289384
2,Serum,136,25,2021-10-25 19:24:46.289391
2,Serum,213,35,2021-10-25 19:24:46.289401
2,Serum,179,87,2021-10-25 19:24:46.289409
2,Serum,156,41,2021-10-25 19:24:46.289417
2,Serum,127,18,2021-10-25 19:24:46.289433
2,Serum,112,8,2021-10-25 19:24:46.289442
2,Serum,209,36,2021-10-25 19:24:46.289451
2,Serum,139,30,2021-10-25 19:24:46.289459
2,Serum,114,18,2021-10-25 19:24:46.289466
2,Serum,158,15,2021-10-25 19:24:46.289475
2,Serum,154,36,2021-10-25 19:24:46.289486
2,Serum,203,18,2021-10-25 19:24:46.289494
2,Serum,159,33,2021-10-25 19:24:46.289501
2,Serum,166,13,2021-10-25 19:24:46.289507
2,Serum,191,15,2021-10-25 19:24:46.289515
2,Serum,135,11,2021-10-25 19:24:46.289525
2,Serum,165,23,2021-10-25 19:24:46.289534
2,Serum,109,10,2021-10-25 19:24:46.289546
2,Serum,161,34,2021-10-25 19:24:46.289558
2,Serum,214,16,2021-10-25 19:24:46.289570
2,Serum,208,39,2021-10-25 19:24:46.289582
2,Serum,124,19,2021-10-25 19:24:46.289593
2,Serum,194,37,2021-10-25 19:24:46.289605
2,Serum,182,37,2021-10-25 19:24:46.290587
2,Serum,142,45,2021-10-25 19:24:46.290609
2,Serum,174,24,2021-10-25 19:24:46.290622
2,Serum,175,20,2021-10-25 19:24:46.290629
2,Serum,178,38,2021-10-25 19:24:46.290638
2,Serum,138,36,2021-10-25 19:24:46.290648
2,Serum,173,22,2021-10-25 19:24:46.290656
2,Serum,131,12,2021-10-25 19:24:46.290664
2,Serum,176,28,2021-10-25 19:24:46.290702
2,Serum,151,21,2021-10-25 19:24:46.290718
2,Serum,170,26,2021-10-25 19:24:46.290734
2,Serum,146,25,2021-10-25 19:24:46.290749
2,Serum,137,26,2021-10-25 19:24:46.290764
2,Serum,190,24,2021-10-25 19:24:46.290779
2,Serum,125,28,2021-10-25 19:24:46.290793
2,Serum,140,16,2021-10-25 19:24:46.290803
2,Serum,123,46,2021-10-25 19:24:46.290814
2,Serum,150,28,2021-10-25 19:24:46.290828
2,Serum,128,24,2021-10-25 19:24:46.290842
2,Serum,199,16,2021-10-25 19:24:46.290857
2,Serum,155,28,2021-10-25 19:24:46.290868
2,Serum,116,17,2021-10-25 19:24:46.290877
2,Serum,200,47,2021-10-25 19:24:46.290884
2,Serum,187,17,2021-10-25 19:24:46.290892
2,Serum,134,26,2021-10-25 19:24:46.290899
2,Serum,185,33,2021-10-25 19:24:46.290912
2,Serum,198,29,2021-10-25 19:24:46.290927
2,Serum,195,27,2021-10-25 19:24:46.290941
2,Serum,168,55,2021-10-25 19:24:46.290957
2,Serum,115,32,2021-10-25 19:24:46.290972
2,Serum,184,22,2021-10-25 19:24:46.290985
2,Serum,169,68,2021-10-25 19:24:46.290998
2,Serum,196,45,2021-10-25 19:24:46.291013
2,Serum,189,12,2021-10-25 19:24:46.291025
2,Serum,145,49,2021-10-25 19:24:46.291032
2,Serum,183,45,2021-10-25 19:24:46.291041
2,Serum,201,44,2021-10-25 19:24:46.291049
2,Serum,164,36,2021-10-25 19:24:46.291059
3,Oil,229,28,2021-10-25 19:24:46.298989
3,Oil,225,17,2021-10-25 19:24:46.299025
3,Oil,267,23,2021-10-25 19:24:46.299049
3,Oil,220,1,2021-10-25 19:24:46.299075
3,Oil,247,6,2021-10-25 19:24:46.299090
3,Oil,285,38,2021-10-25 19:24:46.299106
3,Oil,255,40,2021-10-25 19:24:46.299120
3,Oil,283,15,2021-10-25 19:24:46.299129
3,Oil,263,31,2021-10-25 19:24:46.299141
3,Oil,268,23,2021-10-25 19:24:46.299261
3,Oil,246,10,2021-10-25 19:24:46.299281
3,Oil,261,19,2021-10-25 19:24:46.299291
3,Oil,279,29,2021-10-25 19:24:46.299304
3,Oil,251,25,2021-10-25 19:24:46.299316
3,Oil,248,16,2021-10-25 19:24:46.299328
3,Oil,226,28,2021-10-25 19:24:46.299340
3,Oil,240,9,2021-10-25 19:24:46.299354
3,Oil,244,1,2021-10-25 19:24:46.299372
3,Oil,286,21,2021-10-25 19:24:46.299391
3,Oil,275,3,2021-10-25 19:24:46.299406
3,Oil,233,13,2021-10-25 19:24:46.299421
3,Oil,280,25,2021-10-25 19:24:46.299437
3,Oil,253,13,2021-10-25 19:24:46.299455
3,Oil,216,8,2021-10-25 19:24:46.299474
3,Oil,230,16,2021-10-25 19:24:46.299488
3,Oil,227,10,2021-10-25 19:24:46.299501
3,Oil,259,28,2021-10-25 19:24:46.299513
3,Oil,249,9,2021-10-25 19:24:46.299526
3,Oil,256,10,2021-10-25 19:24:46.299537
3,Oil,270,12,2021-10-25 19:24:46.299550
3,Oil,237,1,2021-10-25 19:24:46.299564
3,Oil,258,27,2021-10-25 19:24:46.299679
3,Oil,231,23,2021-10-25 19:24:46.299692
3,Oil,254,30,2021-10-25 19:24:46.299702
3,Oil,223,14,2021-10-25 19:24:46.299714
3,Oil,243,26,2021-10-25 19:24:46.299731
3,Oil,239,1,2021-10-25 19:24:46.299746
3,Oil,241,17,2021-10-25 19:24:46.299762
3,Oil,265,16,2021-10-25 19:24:46.299777
3,Oil,236,51,2021-10-25 19:24:46.299793
3,Oil,242,8,2021-10-25 19:24:46.299803
3,Oil,264,16,2021-10-25 19:24:46.299815
3,Oil,235,28,2021-10-25 19:24:46.299831
3,Oil,269,14,2021-10-25 19:24:46.299846
3,Oil,221,8,2021-10-25 19:24:46.299854
3,Oil,222,24,2021-10-25 19:24:46.299865
3,Oil,238,20,2021-10-25 19:24:46.299872
3,Oil,228,24,2021-10-25 19:24:46.299889
3,Oil,277,17,2021-10-25 19:24:46.299906
3,Oil,274,19,2021-10-25 19:24:46.299922
3,Oil,218,12,2021-10-25 19:24:46.299940
3,Oil,257,19,2021-10-25 19:24:46.299956
3,Oil,252,27,2021-10-25 19:24:46.299970
3,Oil,217,4,2021-10-25 19:24:46.299979
3,Oil,245,17,2021-10-25 19:24:46.299986
3,Oil,271,20,2021-10-25 19:24:46.299997
3,Oil,273,20,2021-10-25 19:24:46.300007
3,Oil,262,8,2021-10-25 19:24:46.300018
3,Oil,219,19,2021-10-25 19:24:46.300033
3,Oil,281,27,2021-10-25 19:24:46.300047
3,Oil,272,12,2021-10-25 19:24:46.300056
3,Oil,232,1,2021-10-25 19:24:46.300065
3,Oil,282,46,2021-10-25 19:24:46.300074
3,Oil,276,3,2021-10-25 19:24:46.300082
3,Oil,250,29,2021-10-25 19:24:46.300093
3,Oil,234,16,2021-10-25 19:24:46.300105
3,Oil,260,10,2021-10-25 19:24:46.300117
3,Oil,278,1,2021-10-25 19:24:46.300130
3,Oil,224,1,2021-10-25 19:24:46.300142
3,Oil,284,24,2021-10-25 19:24:46.300154
3,Oil,266,1,2021-10-25 19:24:46.300167
4,Mist,304,15,2021-10-25 19:24:46.309785
4,Mist,303,30,2021-10-25 19:24:46.309807
4,Mist,328,21,2021-10-25 19:24:46.309814
4,Mist,317,27,2021-10-25 19:24:46.309821
4,Mist,302,23,2021-10-25 19:24:46.309828
4,Mist,327,39,2021-10-25 19:24:46.309836
4,Mist,353,13,2021-10-25 19:24:46.309846
4,Mist,294,38,2021-10-25 19:24:46.309856
4,Mist,362,24,2021-10-25 19:24:46.309868
4,Mist,310,39,2021-10-25 19:24:46.309880
4,Mist,299,18,2021-10-25 19:24:46.309893
4,Mist,320,10,2021-10-25 19:24:46.309907
4,Mist,321,15,2021-10-25 19:24:46.309922
4,Mist,335,30,2021-10-25 19:24:46.309936
4,Mist,305,26,2021-10-25 19:24:46.309951
4,Mist,357,34,2021-10-25 19:24:46.309959
4,Mist,290,8,2021-10-25 19:24:46.309971
4,Mist,308,12,2021-10-25 19:24:46.309985
4,Mist,301,16,2021-10-25 19:24:46.309997
4,Mist,339,11,2021-10-25 19:24:46.310009
4,Mist,315,5,2021-10-25 19:24:46.310022
4,Mist,312,17,2021-10-25 19:24:46.310033
4,Mist,360,26,2021-10-25 19:24:46.310045
4,Mist,311,13,2021-10-25 19:24:46.310057
4,Mist,297,18,2021-10-25 19:24:46.310064
4,Mist,291,17,2021-10-25 19:24:46.310073
4,Mist,314,38,2021-10-25 19:24:46.310080
4,Mist,329,39,2021-10-25 19:24:46.310087
4,Mist,343,64,2021-10-25 19:24:46.310094
4,Mist,332,20,2021-10-25 19:24:46.310102
4,Mist,289,34,2021-10-25 19:24:46.310109
4,Mist,318,19,2021-10-25 19:24:46.310118
4,Mist,293,21,2021-10-25 19:24:46.310130
4,Mist,326,23,2021-10-25 19:24:46.310141
4,Mist,355,16,2021-10-25 19:24:46.310153
4,Mist,340,35,2021-10-25 19:24:46.310165
4,Mist,354,8,2021-10-25 19:24:46.310177
4,Mist,330,19,2021-10-25 19:24:46.310189
4,Mist,358,17,2021-10-25 19:24:46.310263
4,Mist,350,18,2021-10-25 19:24:46.310353
4,Mist,287,28,2021-10-25 19:24:46.310365
4,Mist,300,34,2021-10-25 19:24:46.310374
4,Mist,351,28,2021-10-25 19:24:46.310381
4,Mist,356,13,2021-10-25 19:24:46.310390
4,Mist,323,12,2021-10-25 19:24:46.310402
4,Mist,345,20,2021-10-25 19:24:46.310409
4,Mist,347,31,2021-10-25 19:24:46.310416
4,Mist,331,16,2021-10-25 19:24:46.310422
4,Mist,361,5,2021-10-25 19:24:46.310430
4,Mist,307,21,2021-10-25 19:24:46.310439
4,Mist,363,14,2021-10-25 19:24:46.310449
4,Mist,295,29,2021-10-25 19:24:46.310461
4,Mist,298,27,2021-10-25 19:24:46.310473
4,Mist,334,16,2021-10-25 19:24:46.310485
4,Mist,306,17,2021-10-25 19:24:46.310497
4,Mist,359,22,2021-10-25 19:24:46.310509
4,Mist,342,23,2021-10-25 19:24:46.310522
4,Mist,313,21,2021-10-25 19:24:46.310534
4,Mist,346,17,2021-10-25 19:24:46.310546
4,Mist,288,34,2021-10-25 19:24:46.310558
4,Mist,309,36,2021-10-25 19:24:46.310573
4,Mist,352,22,2021-10-25 19:24:46.310581
4,Mist,341,15,2021-10-25 19:24:46.310589
4,Mist,338,30,2021-10-25 19:24:46.310598
4,Mist,349,34,2021-10-25 19:24:46.310607
4,Mist,319,12,2021-10-25 19:24:46.310614
4,Mist,336,14,2021-10-25 19:24:46.310622
4,Mist,296,22,2021-10-25 19:24:46.310629
4,Mist,325,9,2021-10-25 19:24:46.310636
4,Mist,344,16,2021-10-25 19:24:46.310643
4,Mist,348,24,2021-10-25 19:24:46.310649
4,Mist,292,25,2021-10-25 19:24:46.310658
4,Mist,364,23,2021-10-25 19:24:46.310667
4,Mist,333,12,2021-10-25 19:24:46.310678
4,Mist,322,15,2021-10-25 19:24:46.310692
4,Mist,324,12,2021-10-25 19:24:46.310706
4,Mist,337,29,2021-10-25 19:24:46.310720
4,Mist,316,21,2021-10-25 19:24:46.310735
5,Mask,511,35,2021-10-25 19:24:46.318764
5,Mask,438,43,2021-10-25 19:24:46.318808
5,Mask,526,25,2021-10-25 19:24:46.318825
5,Mask,504,16,2021-10-25 19:24:46.318841
5,Mask,470,41,2021-10-25 19:24:46.318857
5,Mask,507,40,2021-10-25 19:24:46.318875
5,Mask,543,34,2021-10-25 19:24:46.318891
5,Mask,439,21,2021-10-25 19:24:46.318909
5,Mask,448,19,2021-10-25 19:24:46.318927
5,Mask,509,9,2021-10-25 19:24:46.321147
5,Mask,453,37,2021-10-25 19:24:46.321269
5,Mask,528,17,2021-10-25 19:24:46.321291
5,Mask,427,43,2021-10-25 19:24:46.321299
5,Mask,514,19,2021-10-25 19:24:46.321307
5,Mask,466,13,2021-10-25 19:24:46.321314
5,Mask,518,39,2021-10-25 19:24:46.321355
5,Mask,523,24,2021-10-25 19:24:46.321971
5,Mask,463,38,2021-10-25 19:24:46.321988
5,Mask,428,17,2021-10-25 19:24:46.322000
5,Mask,469,23,2021-10-25 19:24:46.322058
5,Mask,468,35,2021-10-25 19:24:46.322073
5,Mask,502,32,2021-10-25 19:24:46.322100
5,Mask,544,38,2021-10-25 19:24:46.322122
5,Mask,445,23,2021-10-25 19:24:46.322654
5,Mask,425,19,2021-10-25 19:24:46.322663
5,Mask,501,19,2021-10-25 19:24:46.322670
5,Mask,480,16,2021-10-25 19:24:46.322679
5,Mask,499,17,2021-10-25 19:24:46.322686
5,Mask,503,34,2021-10-25 19:24:46.322696
5,Mask,477,40,2021-10-25 19:24:46.322703
5,Mask,538,23,2021-10-25 19:24:46.322712
5,Mask,532,9,2021-10-25 19:24:46.322721
5,Mask,454,34,2021-10-25 19:24:46.322729
5,Mask,460,45,2021-10-25 19:24:46.322737
5,Mask,450,23,2021-10-25 19:24:46.322745
5,Mask,435,19,2021-10-25 19:24:46.322753
5,Mask,510,27,2021-10-25 19:24:46.322764
5,Mask,521,26,2021-10-25 19:24:46.322780
5,Mask,508,37,2021-10-25 19:24:46.322889
5,Mask,426,37,2021-10-25 19:24:46.322964
5,Mask,462,41,2021-10-25 19:24:46.322977
5,Mask,537,36,2021-10-25 19:24:46.322996
5,Mask,496,49,2021-10-25 19:24:46.323016
5,Mask,441,19,2021-10-25 19:24:46.323033
5,Mask,432,21,2021-10-25 19:24:46.323047
5,Mask,452,42,2021-10-25 19:24:46.323062
5,Mask,535,14,2021-10-25 19:24:46.323076
5,Mask,443,42,2021-10-25 19:24:46.323101
5,Mask,527,26,2021-10-25 19:24:46.323111
5,Mask,434,24,2021-10-25 19:24:46.323118
5,Mask,484,36,2021-10-25 19:24:46.323126
5,Mask,500,37,2021-10-25 19:24:46.323137
5,Mask,471,39,2021-10-25 19:24:46.323146
5,Mask,505,20,2021-10-25 19:24:46.323219
5,Mask,531,35,2021-10-25 19:24:46.323236
5,Mask,482,22,2021-10-25 19:24:46.323246
5,Mask,522,12,2021-10-25 19:24:46.323259
5,Mask,536,35,2021-10-25 19:24:46.323266
5,Mask,488,37,2021-10-25 19:24:46.323274
5,Mask,520,25,2021-10-25 19:24:46.323283
5,Mask,431,18,2021-10-25 19:24:46.323296
5,Mask,447,38,2021-10-25 19:24:46.323311
5,Mask,545,27,2021-10-25 19:24:46.323319
5,Mask,494,37,2021-10-25 19:24:46.323326
5,Mask,457,48,2021-10-25 19:24:46.323334
5,Mask,446,19,2021-10-25 19:24:46.323343
5,Mask,490,32,2021-10-25 19:24:46.323355
5,Mask,442,41,2021-10-25 19:24:46.323363
5,Mask,487,20,2021-10-25 19:24:46.323377
5,Mask,516,24,2021-10-25 19:24:46.323395
5,Mask,517,49,2021-10-25 19:24:46.323414
5,Mask,478,28,2021-10-25 19:24:46.323426
5,Mask,473,44,2021-10-25 19:24:46.323441
5,Mask,530,21,2021-10-25 19:24:46.323459
5,Mask,481,22,2021-10-25 19:24:46.323481
5,Mask,476,30,2021-10-25 19:24:46.323496
5,Mask,472,39,2021-10-25 19:24:46.323511
5,Mask,474,18,2021-10-25 19:24:46.323560
5,Mask,479,32,2021-10-25 19:24:46.323631
5,Mask,524,29,2021-10-25 19:24:46.323672
5,Mask,533,20,2021-10-25 19:24:46.323687
5,Mask,429,23,2021-10-25 19:24:46.323702
5,Mask,485,19,2021-10-25 19:24:46.323717
5,Mask,486,40,2021-10-25 19:24:46.323733
5,Mask,456,31,2021-10-25 19:24:46.323744
5,Mask,444,40,2021-10-25 19:24:46.323750
5,Mask,459,24,2021-10-25 19:24:46.323762
5,Mask,437,28,2021-10-25 19:24:46.323771
5,Mask,512,46,2021-10-25 19:24:46.323780
5,Mask,433,27,2021-10-25 19:24:46.323787
5,Mask,475,24,2021-10-25 19:24:46.323796
5,Mask,489,25,2021-10-25 19:24:46.323807
5,Mask,519,16,2021-10-25 19:24:46.323814
5,Mask,506,18,2021-10-25 19:24:46.323821
5,Mask,497,25,2021-10-25 19:24:46.323828
5,Mask,539,24,2021-10-25 19:24:46.323838
5,Mask,525,40,2021-10-25 19:24:46.323853
5,Mask,458,12,2021-10-25 19:24:46.323867
5,Mask,430,28,2021-10-25 19:24:46.323942
5,Mask,492,18,2021-10-25 19:24:46.323950
5,Mask,542,22,2021-10-25 19:24:46.323961
5,Mask,541,35,2021-10-25 19:24:46.323970
5,Mask,440,26,2021-10-25 19:24:46.323977
5,Mask,493,32,2021-10-25 19:24:46.323986
5,Mask,483,28,2021-10-25 19:24:46.323996
5,Mask,451,11,2021-10-25 19:24:46.324004
5,Mask,467,21,2021-10-25 19:24:46.324013
5,Mask,513,18,2021-10-25 19:24:46.324020
5,Mask,515,9,2021-10-25 19:24:46.324037
5,Mask,495,25,2021-10-25 19:24:46.324051
5,Mask,498,13,2021-10-25 19:24:46.324073
5,Mask,449,20,2021-10-25 19:24:46.324082
5,Mask,529,39,2021-10-25 19:24:46.324089
5,Mask,491,15,2021-10-25 19:24:46.324098
5,Mask,540,35,2021-10-25 19:24:46.324110
5,Mask,436,22,2021-10-25 19:24:46.324123
5,Mask,461,32,2021-10-25 19:24:46.324215
5,Mask,465,37,2021-10-25 19:24:46.324222
5,Mask,455,26,2021-10-25 19:24:46.324233
5,Mask,464,12,2021-10-25 19:24:46.324247
5,Mask,534,39,2021-10-25 19:24:46.324255
6,Balm,399,9,2021-10-25 19:24:46.333159
6,Balm,404,26,2021-10-25 19:24:46.333240
6,Balm,403,23,2021-10-25 19:24:46.333257
6,Balm,395,25,2021-10-25 19:24:46.333269
6,Balm,386,27,2021-10-25 19:24:46.333277
6,Balm,417,45,2021-10-25 19:24:46.333285
6,Balm,402,24,2021-10-25 19:24:46.333297
6,Balm,397,26,2021-10-25 19:24:46.333314
6,Balm,365,8,2021-10-25 19:24:46.333332
6,Balm,375,13,2021-10-25 19:24:46.333344
6,Balm,379,41,2021-10-25 19:24:46.333356
6,Balm,424,24,2021-10-25 19:24:46.333364
6,Balm,385,17,2021-10-25 19:24:46.333374
6,Balm,376,47,2021-10-25 19:24:46.333385
6,Balm,414,42,2021-10-25 19:24:46.333394
6,Balm,370,34,2021-10-25 19:24:46.333406
6,Balm,389,24,2021-10-25 19:24:46.333415
6,Balm,391,22,2021-10-25 19:24:46.333425
6,Balm,380,33,2021-10-25 19:24:46.333437
6,Balm,381,25,2021-10-25 19:24:46.333449
6,Balm,398,23,2021-10-25 19:24:46.333461
6,Balm,373,4,2021-10-25 19:24:46.333473
6,Balm,413,42,2021-10-25 19:24:46.333485
6,Balm,377,27,2021-10-25 19:24:46.333499
6,Balm,412,26,2021-10-25 19:24:46.333513
6,Balm,415,44,2021-10-25 19:24:46.333527
6,Balm,390,14,2021-10-25 19:24:46.333541
6,Balm,394,4,2021-10-25 19:24:46.333555
6,Balm,421,36,2021-10-25 19:24:46.333569
6,Balm,367,25,2021-10-25 19:24:46.333581
6,Balm,416,26,2021-10-25 19:24:46.333590
6,Balm,382,11,2021-10-25 19:24:46.333599
6,Balm,371,20,2021-10-25 19:24:46.333607
6,Balm,368,34,2021-10-25 19:24:46.333616
6,Balm,384,14,2021-10-25 19:24:46.333628
6,Balm,423,25,2021-10-25 19:24:46.333640
6,Balm,405,32,2021-10-25 19:24:46.333652
6,Balm,406,38,2021-10-25 19:24:46.333664
6,Balm,411,16,2021-10-25 19:24:46.333677
6,Balm,372,9,2021-10-25 19:24:46.333689
6,Balm,392,27,2021-10-25 19:24:46.333701
6,Balm,410,28,2021-10-25 19:24:46.333713
6,Balm,418,25,2021-10-25 19:24:46.333725
6,Balm,400,22,2021-10-25 19:24:46.333737
6,Balm,419,9,2021-10-25 19:24:46.333749
6,Balm,396,41,2021-10-25 19:24:46.333761
6,Balm,387,39,2021-10-25 19:24:46.333774
6,Balm,408,24,2021-10-25 19:24:46.333786
6,Balm,407,26,2021-10-25 19:24:46.333798
6,Balm,420,31,2021-10-25 19:24:46.333810
6,Balm,374,21,2021-10-25 19:24:46.333822
6,Balm,383,14,2021-10-25 19:24:46.333835
6,Balm,366,25,2021-10-25 19:24:46.333847
6,Balm,422,22,2021-10-25 19:24:46.333859
6,Balm,401,21,2021-10-25 19:24:46.333871
6,Balm,393,28,2021-10-25 19:24:46.333883
6,Balm,378,14,2021-10-25 19:24:46.333896
6,Balm,369,10,2021-10-25 19:24:46.333908
6,Balm,388,1,2021-10-25 19:24:46.333920
6,Balm,409,21,2021-10-25 19:24:46.333932
7,Peel,573,6,2021-10-25 19:24:46.342791
7,Peel,574,35,2021-10-25 19:24:46.342851
7,Peel,562,37,2021-10-25 19:24:46.342878
7,Peel,558,48,2021-10-25 19:24:46.342889
7,Peel,552,28,2021-10-25 19:24:46.342896
7,Peel,575,11,2021-10-25 19:24:46.342910
7,Peel,555,28,2021-10-25 19:24:46.342925
7,Peel,572,27,2021-10-25 19:24:46.342933
7,Peel,553,34,2021-10-25 19:24:46.342944
7,Peel,568,34,2021-10-25 19:24:46.343020
7,Peel,554,24,2021-10-25 19:24:46.343044
7,Peel,571,27,2021-10-25 19:24:46.343054
7,Peel,563,19,2021-10-25 19:24:46.343068
7,Peel,576,26,2021-10-25 19:24:46.343076
7,Peel,569,22,2021-10-25 19:24:46.343084
7,Peel,577,24,2021-10-25 19:24:46.343092
7,Peel,566,36,2021-10-25 19:24:46.343103
7,Peel,548,24,2021-10-25 19:24:46.343118
7,Peel,565,27,2021-10-25 19:24:46.343132
7,Peel,556,51,2021-10-25 19:24:46.343144
7,Peel,551,42,2021-10-25 19:24:46.343155
7,Peel,550,28,2021-10-25 19:24:46.343237
7,Peel,559,39,2021-10-25 19:24:46.343250
7,Peel,546,17,2021-10-25 19:24:46.347647
7,Peel,564,39,2021-10-25 19:24:46.347721
7,Peel,561,30,2021-10-25 19:24:46.347832
7,Peel,567,32,2021-10-25 19:24:46.347841
7,Peel,557,42,2021-10-25 19:24:46.347870
7,Peel,549,30,2021-10-25 19:24:46.347917
7,Peel,560,30,2021-10-25 19:24:46.347926
7,Peel,570,33,2021-10-25 19:24:46.347938
7,Peel,547,16,2021-10-25 19:24:46.347956
8,Eye Care,583,17,2021-10-25 19:24:46.366566
8,Eye Care,652,48,2021-10-25 19:24:46.366601
8,Eye Care,621,10,2021-10-25 19:24:46.366619
8,Eye Care,631,18,2021-10-25 19:24:46.366637
8,Eye Care,603,45,2021-10-25 19:24:46.366652
8,Eye Care,642,28,2021-10-25 19:24:46.366666
8,Eye Care,647,49,2021-10-25 19:24:46.366683
8,Eye Care,618,46,2021-10-25 19:24:46.366696
8,Eye Care,592,33,2021-10-25 19:24:46.366708
8,Eye Care,613,6,2021-10-25 19:24:46.366721
8,Eye Care,597,38,2021-10-25 19:24:46.366736
8,Eye Care,617,16,2021-10-25 19:24:46.366754
8,Eye Care,668,28,2021-10-25 19:24:46.366764
8,Eye Care,620,35,2021-10-25 19:24:46.366779
8,Eye Care,580,16,2021-10-25 19:24:46.366796
8,Eye Care,595,21,2021-10-25 19:24:46.366807
8,Eye Care,636,49,2021-10-25 19:24:46.366822
8,Eye Care,637,48,2021-10-25 19:24:46.366841
8,Eye Care,612,35,2021-10-25 19:24:46.366861
8,Eye Care,633,41,2021-10-25 19:24:46.366875
8,Eye Care,657,39,2021-10-25 19:24:46.366888
8,Eye Care,582,14,2021-10-25 19:24:46.366900
8,Eye Care,625,43,2021-10-25 19:24:46.366912
8,Eye Care,594,24,2021-10-25 19:24:46.366925
8,Eye Care,675,23,2021-10-25 19:24:46.366938
8,Eye Care,669,46,2021-10-25 19:24:46.366946
8,Eye Care,605,40,2021-10-25 19:24:46.366955
8,Eye Care,651,51,2021-10-25 19:24:46.366966
8,Eye Care,622,25,2021-10-25 19:24:46.366976
8,Eye Care,659,13,2021-10-25 19:24:46.366984
8,Eye Care,639,30,2021-10-25 19:24:46.366994
8,Eye Care,672,30,2021-10-25 19:24:46.367002
8,Eye Care,650,31,2021-10-25 19:24:46.367011
8,Eye Care,635,42,2021-10-25 19:24:46.367019
8,Eye Care,593,38,2021-10-25 19:24:46.367026
8,Eye Care,614,26,2021-10-25 19:24:46.367037
8,Eye Care,626,46,2021-10-25 19:24:46.367133
8,Eye Care,671,19,2021-10-25 19:24:46.367149
8,Eye Care,666,41,2021-10-25 19:24:46.367165
8,Eye Care,578,38,2021-10-25 19:24:46.367181
8,Eye Care,645,21,2021-10-25 19:24:46.367197
8,Eye Care,655,7,2021-10-25 19:24:46.367269
8,Eye Care,600,55,2021-10-25 19:24:46.367286
8,Eye Care,598,7,2021-10-25 19:24:46.367302
8,Eye Care,646,35,2021-10-25 19:24:46.367317
8,Eye Care,602,22,2021-10-25 19:24:46.367520
8,Eye Care,661,17,2021-10-25 19:24:46.367538
8,Eye Care,611,46,2021-10-25 19:24:46.367556
8,Eye Care,674,17,2021-10-25 19:24:46.367572
8,Eye Care,664,39,2021-10-25 19:24:46.367588
8,Eye Care,587,34,2021-10-25 19:24:46.367604
8,Eye Care,627,21,2021-10-25 19:24:46.367619
8,Eye Care,596,15,2021-10-25 19:24:46.367637
8,Eye Care,663,38,2021-10-25 19:24:46.367653
8,Eye Care,644,18,2021-10-25 19:24:46.367669
8,Eye Care,607,38,2021-10-25 19:24:46.367685
8,Eye Care,660,41,2021-10-25 19:24:46.367701
8,Eye Care,615,21,2021-10-25 19:24:46.367716
8,Eye Care,665,22,2021-10-25 19:24:46.367732
8,Eye Care,658,27,2021-10-25 19:24:46.367748
8,Eye Care,585,54,2021-10-25 19:24:46.367762
8,Eye Care,586,10,2021-10-25 19:24:46.367778
8,Eye Care,588,52,2021-10-25 19:24:46.367794
8,Eye Care,609,27,2021-10-25 19:24:46.367810
8,Eye Care,632,32,2021-10-25 19:24:46.367826
8,Eye Care,608,61,2021-10-25 19:24:46.367841
8,Eye Care,589,13,2021-10-25 19:24:46.367858
8,Eye Care,654,56,2021-10-25 19:24:46.367875
8,Eye Care,649,15,2021-10-25 19:24:46.367891
8,Eye Care,628,17,2021-10-25 19:24:46.367906
8,Eye Care,670,28,2021-10-25 19:24:46.367914
8,Eye Care,604,46,2021-10-25 19:24:46.367925
8,Eye Care,667,42,2021-10-25 19:24:46.367938
8,Eye Care,638,12,2021-10-25 19:24:46.367946
8,Eye Care,630,15,2021-10-25 19:24:46.367956
8,Eye Care,677,17,2021-10-25 19:24:46.367963
8,Eye Care,579,28,2021-10-25 19:24:46.367977
8,Eye Care,616,47,2021-10-25 19:24:46.368037
8,Eye Care,634,38,2021-10-25 19:24:46.368058
8,Eye Care,606,25,2021-10-25 19:24:46.368075
8,Eye Care,640,24,2021-10-25 19:24:46.368090
8,Eye Care,648,32,2021-10-25 19:24:46.368125
8,Eye Care,619,39,2021-10-25 19:24:46.368136
8,Eye Care,623,26,2021-10-25 19:24:46.368148
8,Eye Care,673,40,2021-10-25 19:24:46.368192
8,Eye Care,601,30,2021-10-25 19:24:46.368201
8,Eye Care,676,33,2021-10-25 19:24:46.368208
8,Eye Care,591,16,2021-10-25 19:24:46.368259
8,Eye Care,662,23,2021-10-25 19:24:46.368278
8,Eye Care,629,28,2021-10-25 19:24:46.368290
8,Eye Care,610,33,2021-10-25 19:24:46.368333
8,Eye Care,643,50,2021-10-25 19:24:46.368351
8,Eye Care,584,31,2021-10-25 19:24:46.368361
8,Eye Care,599,35,2021-10-25 19:24:46.368373
8,Eye Care,653,9,2021-10-25 19:24:46.368384
8,Eye Care,656,36,2021-10-25 19:24:46.368392
8,Eye Care,624,26,2021-10-25 19:24:46.368406
8,Eye Care,641,38,2021-10-25 19:24:46.368423
8,Eye Care,581,49,2021-10-25 19:24:46.368433
8,Eye Care,590,22,2021-10-25 19:24:46.368455
9,Cleanser,760,7,2021-10-25 19:24:46.384534
9,Cleanser,768,28,2021-10-25 19:24:46.384564
9,Cleanser,731,23,2021-10-25 19:24:46.384577
9,Cleanser,691,37,2021-10-25 19:24:46.384591
9,Cleanser,746,13,2021-10-25 19:24:46.384610
9,Cleanser,735,20,2021-10-25 19:24:46.384628
9,Cleanser,769,20,2021-10-25 19:24:46.384644
9,Cleanser,694,20,2021-10-25 19:24:46.384659
9,Cleanser,719,16,2021-10-25 19:24:46.384676
9,Cleanser,738,20,2021-10-25 19:24:46.384691
9,Cleanser,737,33,2021-10-25 19:24:46.384707
9,Cleanser,711,12,2021-10-25 19:24:46.384726
9,Cleanser,678,22,2021-10-25 19:24:46.384739
9,Cleanser,758,17,2021-10-25 19:24:46.384752
9,Cleanser,697,25,2021-10-25 19:24:46.384764
9,Cleanser,726,25,2021-10-25 19:24:46.384776
9,Cleanser,784,24,2021-10-25 19:24:46.384789
9,Cleanser,724,16,2021-10-25 19:24:46.384806
9,Cleanser,692,17,2021-10-25 19:24:46.384820
9,Cleanser,718,20,2021-10-25 19:24:46.384866
9,Cleanser,709,18,2021-10-25 19:24:46.384884
9,Cleanser,752,23,2021-10-25 19:24:46.384902
9,Cleanser,690,22,2021-10-25 19:24:46.384938
9,Cleanser,721,19,2021-10-25 19:24:46.384957
9,Cleanser,747,33,2021-10-25 19:24:46.384969
9,Cleanser,706,15,2021-10-25 19:24:46.384984
9,Cleanser,685,14,2021-10-25 19:24:46.385008
9,Cleanser,683,40,2021-10-25 19:24:46.385021
9,Cleanser,687,13,2021-10-25 19:24:46.385034
9,Cleanser,729,30,2021-10-25 19:24:46.385056
9,Cleanser,782,17,2021-10-25 19:24:46.385072
9,Cleanser,707,10,2021-10-25 19:24:46.385087
9,Cleanser,733,16,2021-10-25 19:24:46.385101
9,Cleanser,762,30,2021-10-25 19:24:46.385118
9,Cleanser,761,24,2021-10-25 19:24:46.385134
9,Cleanser,780,29,2021-10-25 19:24:46.385151
9,Cleanser,773,18,2021-10-25 19:24:46.385168
9,Cleanser,741,17,2021-10-25 19:24:46.385186
9,Cleanser,689,8,2021-10-25 19:24:46.385205
9,Cleanser,728,12,2021-10-25 19:24:46.385224
9,Cleanser,785,23,2021-10-25 19:24:46.385247
9,Cleanser,682,29,2021-10-25 19:24:46.385266
9,Cleanser,720,21,2021-10-25 19:24:46.385348
9,Cleanser,681,25,2021-10-25 19:24:46.385366
9,Cleanser,756,41,2021-10-25 19:24:46.385380
9,Cleanser,763,22,2021-10-25 19:24:46.385396
9,Cleanser,771,22,2021-10-25 19:24:46.385411
9,Cleanser,739,14,2021-10-25 19:24:46.385424
9,Cleanser,703,7,2021-10-25 19:24:46.385439
9,Cleanser,764,15,2021-10-25 19:24:46.385454
9,Cleanser,766,29,2021-10-25 19:24:46.385468
9,Cleanser,776,20,2021-10-25 19:24:46.385484
9,Cleanser,679,19,2021-10-25 19:24:46.385503
9,Cleanser,708,27,2021-10-25 19:24:46.385519
9,Cleanser,705,26,2021-10-25 19:24:46.385542
9,Cleanser,693,6,2021-10-25 19:24:46.385558
9,Cleanser,787,17,2021-10-25 19:24:46.385574
9,Cleanser,759,14,2021-10-25 19:24:46.385628
9,Cleanser,783,24,2021-10-25 19:24:46.385653
9,Cleanser,730,20,2021-10-25 19:24:46.385671
9,Cleanser,710,17,2021-10-25 19:24:46.385688
9,Cleanser,712,18,2021-10-25 19:24:46.385747
9,Cleanser,750,26,2021-10-25 19:24:46.385773
9,Cleanser,749,14,2021-10-25 19:24:46.385818
9,Cleanser,713,41,2021-10-25 19:24:46.385834
9,Cleanser,748,21,2021-10-25 19:24:46.385848
9,Cleanser,725,15,2021-10-25 19:24:46.385863
9,Cleanser,778,17,2021-10-25 19:24:46.385877
9,Cleanser,727,24,2021-10-25 19:24:46.385892
9,Cleanser,696,28,2021-10-25 19:24:46.385905
9,Cleanser,715,20,2021-10-25 19:24:46.388951
9,Cleanser,742,28,2021-10-25 19:24:46.389035
9,Cleanser,754,20,2021-10-25 19:24:46.389053
9,Cleanser,732,28,2021-10-25 19:24:46.389069
9,Cleanser,702,18,2021-10-25 19:24:46.389112
9,Cleanser,699,21,2021-10-25 19:24:46.389171
9,Cleanser,684,30,2021-10-25 19:24:46.389180
9,Cleanser,736,31,2021-10-25 19:24:46.389187
9,Cleanser,753,25,2021-10-25 19:24:46.389198
9,Cleanser,751,20,2021-10-25 19:24:46.389211
9,Cleanser,700,19,2021-10-25 19:24:46.389228
9,Cleanser,770,20,2021-10-25 19:24:46.389242
9,Cleanser,744,33,2021-10-25 19:24:46.389250
9,Cleanser,686,15,2021-10-25 19:24:46.389257
9,Cleanser,767,35,2021-10-25 19:24:46.389269
9,Cleanser,779,28,2021-10-25 19:24:46.389278
9,Cleanser,786,25,2021-10-25 19:24:46.389494
9,Cleanser,701,48,2021-10-25 19:24:46.389528
9,Cleanser,717,12,2021-10-25 19:24:46.389543
9,Cleanser,775,17,2021-10-25 19:24:46.389558
9,Cleanser,740,29,2021-10-25 19:24:46.389572
9,Cleanser,716,23,2021-10-25 19:24:46.389585
9,Cleanser,688,36,2021-10-25 19:24:46.389600
9,Cleanser,743,25,2021-10-25 19:24:46.389614
9,Cleanser,695,23,2021-10-25 19:24:46.389629
9,Cleanser,755,18,2021-10-25 19:24:46.389644
9,Cleanser,734,12,2021-10-25 19:24:46.389658
9,Cleanser,772,22,2021-10-25 19:24:46.389672
9,Cleanser,723,13,2021-10-25 19:24:46.389687
9,Cleanser,704,23,2021-10-25 19:24:46.389701
9,Cleanser,777,27,2021-10-25 19:24:46.389716
9,Cleanser,765,56,2021-10-25 19:24:46.389730
9,Cleanser,757,22,2021-10-25 19:24:46.389745
9,Cleanser,774,13,2021-10-25 19:24:46.389759
9,Cleanser,722,16,2021-10-25 19:24:46.389773
9,Cleanser,781,14,2021-10-25 19:24:46.389789
9,Cleanser,714,21,2021-10-25 19:24:46.389807
9,Cleanser,680,24,2021-10-25 19:24:46.389821
9,Cleanser,745,35,2021-10-25 19:24:46.389836
9,Cleanser,698,23,2021-10-25 19:24:46.389851
10,Toner,813,14,2021-10-25 19:24:46.404785
10,Toner,795,6,2021-10-25 19:24:46.404817
10,Toner,826,23,2021-10-25 19:24:46.404833
10,Toner,804,18,2021-10-25 19:24:46.404851
10,Toner,842,8,2021-10-25 19:24:46.404863
10,Toner,791,2,2021-10-25 19:24:46.404875
10,Toner,849,28,2021-10-25 19:24:46.404887
10,Toner,845,45,2021-10-25 19:24:46.404899
10,Toner,834,22,2021-10-25 19:24:46.404913
10,Toner,796,18,2021-10-25 19:24:46.404927
10,Toner,803,30,2021-10-25 19:24:46.404942
10,Toner,838,22,2021-10-25 19:24:46.404952
10,Toner,816,14,2021-10-25 19:24:46.404966
10,Toner,822,23,2021-10-25 19:24:46.404984
10,Toner,818,27,2021-10-25 19:24:46.404993
10,Toner,815,15,2021-10-25 19:24:46.405039
10,Toner,847,10,2021-10-25 19:24:46.405057
10,Toner,841,9,2021-10-25 19:24:46.405071
10,Toner,801,7,2021-10-25 19:24:46.405080
10,Toner,835,10,2021-10-25 19:24:46.405092
10,Toner,827,22,2021-10-25 19:24:46.405107
10,Toner,810,29,2021-10-25 19:24:46.405123
10,Toner,800,3,2021-10-25 19:24:46.405137
10,Toner,805,33,2021-10-25 19:24:46.405149
10,Toner,802,17,2021-10-25 19:24:46.405161
10,Toner,797,12,2021-10-25 19:24:46.405173
10,Toner,831,20,2021-10-25 19:24:46.405187
10,Toner,837,18,2021-10-25 19:24:46.405262
10,Toner,836,55,2021-10-25 19:24:46.405281
10,Toner,848,21,2021-10-25 19:24:46.405296
10,Toner,794,22,2021-10-25 19:24:46.405311
10,Toner,811,8,2021-10-25 19:24:46.405328
10,Toner,792,3,2021-10-25 19:24:46.405345
10,Toner,852,26,2021-10-25 19:24:46.405358
10,Toner,788,28,2021-10-25 19:24:46.405370
10,Toner,806,16,2021-10-25 19:24:46.405383
10,Toner,814,20,2021-10-25 19:24:46.405395
10,Toner,850,14,2021-10-25 19:24:46.405408
10,Toner,830,30,2021-10-25 19:24:46.405420
10,Toner,844,8,2021-10-25 19:24:46.405438
10,Toner,819,12,2021-10-25 19:24:46.405456
10,Toner,825,33,2021-10-25 19:24:46.405471
10,Toner,789,26,2021-10-25 19:24:46.405486
10,Toner,839,23,2021-10-25 19:24:46.405502
10,Toner,812,12,2021-10-25 19:24:46.405520
10,Toner,820,7,2021-10-25 19:24:46.405538
10,Toner,846,29,2021-10-25 19:24:46.405552
10,Toner,829,18,2021-10-25 19:24:46.405857
10,Toner,793,24,2021-10-25 19:24:46.405875
10,Toner,828,23,2021-10-25 19:24:46.405891
10,Toner,824,19,2021-10-25 19:24:46.405906
10,Toner,851,9,2021-10-25 19:24:46.405926
10,Toner,808,22,2021-10-25 19:24:46.405943
10,Toner,821,11,2021-10-25 19:24:46.405955
10,Toner,807,27,2021-10-25 19:24:46.405967
10,Toner,840,25,2021-10-25 19:24:46.405979
10,Toner,798,18,2021-10-25 19:24:46.405991
10,Toner,790,10,2021-10-25 19:24:46.406003
10,Toner,832,14,2021-10-25 19:24:46.406015
10,Toner,833,11,2021-10-25 19:24:46.406027
10,Toner,799,5,2021-10-25 19:24:46.406039
10,Toner,843,21,2021-10-25 19:24:46.406051
10,Toner,809,10,2021-10-25 19:24:46.406063
10,Toner,817,39,2021-10-25 19:24:46.406075
10,Toner,823,12,2021-10-25 19:24:46.406087
11,Exfoliator,880,32,2021-10-25 19:24:46.410090
11,Exfoliator,857,18,2021-10-25 19:24:46.410128
11,Exfoliator,890,31,2021-10-25 19:24:46.410144
11,Exfoliator,861,14,2021-10-25 19:24:46.410160
11,Exfoliator,886,24,2021-10-25 19:24:46.410178
11,Exfoliator,897,29,2021-10-25 19:24:46.410192
11,Exfoliator,896,14,2021-10-25 19:24:46.410206
11,Exfoliator,870,27,2021-10-25 19:24:46.410221
11,Exfoliator,894,29,2021-10-25 19:24:46.410236
11,Exfoliator,883,19,2021-10-25 19:24:46.410317
11,Exfoliator,898,31,2021-10-25 19:24:46.410338
11,Exfoliator,874,12,2021-10-25 19:24:46.410353
11,Exfoliator,887,32,2021-10-25 19:24:46.410367
11,Exfoliator,907,11,2021-10-25 19:24:46.410382
11,Exfoliator,908,21,2021-10-25 19:24:46.410396
11,Exfoliator,868,16,2021-10-25 19:24:46.410411
11,Exfoliator,879,12,2021-10-25 19:24:46.410425
11,Exfoliator,872,29,2021-10-25 19:24:46.410440
11,Exfoliator,854,16,2021-10-25 19:24:46.410455
11,Exfoliator,899,16,2021-10-25 19:24:46.410469
11,Exfoliator,875,19,2021-10-25 19:24:46.410484
11,Exfoliator,893,18,2021-10-25 19:24:46.410499
11,Exfoliator,856,24,2021-10-25 19:24:46.410515
11,Exfoliator,860,12,2021-10-25 19:24:46.410531
11,Exfoliator,909,29,2021-10-25 19:24:46.410548
11,Exfoliator,862,18,2021-10-25 19:24:46.410563
11,Exfoliator,888,33,2021-10-25 19:24:46.410579
11,Exfoliator,858,22,2021-10-25 19:24:46.410595
11,Exfoliator,876,18,2021-10-25 19:24:46.410610
11,Exfoliator,889,89,2021-10-25 19:24:46.410627
11,Exfoliator,904,15,2021-10-25 19:24:46.410643
11,Exfoliator,881,27,2021-10-25 19:24:46.410659
11,Exfoliator,867,43,2021-10-25 19:24:46.410675
11,Exfoliator,885,21,2021-10-25 19:24:46.410691
11,Exfoliator,863,12,2021-10-25 19:24:46.410709
11,Exfoliator,882,20,2021-10-25 19:24:46.410728
11,Exfoliator,892,29,2021-10-25 19:24:46.410746
11,Exfoliator,884,29,2021-10-25 19:24:46.410765
11,Exfoliator,877,31,2021-10-25 19:24:46.410783
11,Exfoliator,871,30,2021-10-25 19:24:46.410801
11,Exfoliator,903,23,2021-10-25 19:24:46.410820
11,Exfoliator,900,31,2021-10-25 19:24:46.410838
11,Exfoliator,902,21,2021-10-25 19:24:46.410856
11,Exfoliator,901,23,2021-10-25 19:24:46.410875
11,Exfoliator,873,24,2021-10-25 19:24:46.410894
11,Exfoliator,905,44,2021-10-25 19:24:46.410913
11,Exfoliator,865,19,2021-10-25 19:24:46.410930
11,Exfoliator,864,18,2021-10-25 19:24:46.410950
11,Exfoliator,866,28,2021-10-25 19:24:46.410968
11,Exfoliator,878,9,2021-10-25 19:24:46.410986
11,Exfoliator,859,22,2021-10-25 19:24:46.411004
11,Exfoliator,891,22,2021-10-25 19:24:46.411023
11,Exfoliator,853,30,2021-10-25 19:24:46.411041
11,Exfoliator,855,8,2021-10-25 19:24:46.411059
11,Exfoliator,895,13,2021-10-25 19:24:46.411077
11,Exfoliator,906,30,2021-10-25 19:24:46.411094
11,Exfoliator,869,15,2021-10-25 19:24:46.411113
12,Bath Salts,929,1,2021-10-25 19:24:46.418854
12,Bath Salts,920,12,2021-10-25 19:24:46.418890
12,Bath Salts,936,1,2021-10-25 19:24:46.418906
12,Bath Salts,926,9,2021-10-25 19:24:46.418923
12,Bath Salts,916,9,2021-10-25 19:24:46.418938
12,Bath Salts,921,16,2021-10-25 19:24:46.418954
12,Bath Salts,915,13,2021-10-25 19:24:46.418970
12,Bath Salts,934,9,2021-10-25 19:24:46.418986
12,Bath Salts,930,5,2021-10-25 19:24:46.419003
12,Bath Salts,923,14,2021-10-25 19:24:46.419019
12,Bath Salts,938,11,2021-10-25 19:24:46.419033
12,Bath Salts,925,1,2021-10-25 19:24:46.419047
12,Bath Salts,931,21,2021-10-25 19:24:46.419062
12,Bath Salts,910,1,2021-10-25 19:24:46.419076
12,Bath Salts,914,8,2021-10-25 19:24:46.421605
12,Bath Salts,928,1,2021-10-25 19:24:46.421645
12,Bath Salts,939,11,2021-10-25 19:24:46.421658
12,Bath Salts,924,24,2021-10-25 19:24:46.421673
12,Bath Salts,918,17,2021-10-25 19:24:46.421686
12,Bath Salts,911,1,2021-10-25 19:24:46.421697
12,Bath Salts,932,23,2021-10-25 19:24:46.421711
12,Bath Salts,927,10,2021-10-25 19:24:46.421726
12,Bath Salts,937,5,2021-10-25 19:24:46.421737
12,Bath Salts,935,1,2021-10-25 19:24:46.421756
12,Bath Salts,922,10,2021-10-25 19:24:46.421783
12,Bath Salts,917,9,2021-10-25 19:24:46.421796
12,Bath Salts,912,8,2021-10-25 19:24:46.421808
12,Bath Salts,913,1,2021-10-25 19:24:46.421821
12,Bath Salts,933,22,2021-10-25 19:24:46.421835
12,Bath Salts,919,15,2021-10-25 19:24:46.421852
13,Body Wash,959,14,2021-10-25 19:24:46.435606
13,Body Wash,971,23,2021-10-25 19:24:46.435634
13,Body Wash,951,33,2021-10-25 19:24:46.435647
13,Body Wash,1050,20,2021-10-25 19:24:46.435659
13,Body Wash,944,41,2021-10-25 19:24:46.435671
13,Body Wash,1006,21,2021-10-25 19:24:46.435683
13,Body Wash,1004,27,2021-10-25 19:24:46.435695
13,Body Wash,991,20,2021-10-25 19:24:46.435707
13,Body Wash,993,15,2021-10-25 19:24:46.435719
13,Body Wash,983,32,2021-10-25 19:24:46.435730
13,Body Wash,1057,17,2021-10-25 19:24:46.435742
13,Body Wash,1047,16,2021-10-25 19:24:46.435754
13,Body Wash,1038,22,2021-10-25 19:24:46.435766
13,Body Wash,1027,31,2021-10-25 19:24:46.435778
13,Body Wash,984,29,2021-10-25 19:24:46.435790
13,Body Wash,996,15,2021-10-25 19:24:46.435802
13,Body Wash,952,36,2021-10-25 19:24:46.435814
13,Body Wash,957,30,2021-10-25 19:24:46.435826
13,Body Wash,990,37,2021-10-25 19:24:46.435838
13,Body Wash,1007,24,2021-10-25 19:24:46.435850
13,Body Wash,1021,18,2021-10-25 19:24:46.435862
13,Body Wash,1003,35,2021-10-25 19:24:46.435875
13,Body Wash,968,34,2021-10-25 19:24:46.435887
13,Body Wash,963,18,2021-10-25 19:24:46.435899
13,Body Wash,999,10,2021-10-25 19:24:46.435911
13,Body Wash,992,15,2021-10-25 19:24:46.435923
13,Body Wash,972,30,2021-10-25 19:24:46.435935
13,Body Wash,1000,15,2021-10-25 19:24:46.435947
13,Body Wash,960,26,2021-10-25 19:24:46.435959
13,Body Wash,973,27,2021-10-25 19:24:46.435971
13,Body Wash,1035,24,2021-10-25 19:24:46.435983
13,Body Wash,1054,23,2021-10-25 19:24:46.435995
13,Body Wash,950,29,2021-10-25 19:24:46.436007
13,Body Wash,1034,16,2021-10-25 19:24:46.436019
13,Body Wash,962,30,2021-10-25 19:24:46.436031
13,Body Wash,1029,17,2021-10-25 19:24:46.436043
13,Body Wash,1043,27,2021-10-25 19:24:46.436055
13,Body Wash,1010,19,2021-10-25 19:24:46.436067
13,Body Wash,942,42,2021-10-25 19:24:46.436079
13,Body Wash,1012,28,2021-10-25 19:24:46.436091
13,Body Wash,961,32,2021-10-25 19:24:46.436103
13,Body Wash,976,29,2021-10-25 19:24:46.436115
13,Body Wash,1014,22,2021-10-25 19:24:46.436127
13,Body Wash,964,34,2021-10-25 19:24:46.436139
13,Body Wash,989,18,2021-10-25 19:24:46.436152
13,Body Wash,1028,17,2021-10-25 19:24:46.436164
13,Body Wash,949,21,2021-10-25 19:24:46.436177
13,Body Wash,974,23,2021-10-25 19:24:46.436190
13,Body Wash,1052,21,2021-10-25 19:24:46.436205
13,Body Wash,979,20,2021-10-25 19:24:46.436219
13,Body Wash,1015,19,2021-10-25 19:24:46.436233
13,Body Wash,1044,33,2021-10-25 19:24:46.436248
13,Body Wash,943,14,2021-10-25 19:24:46.436264
13,Body Wash,1051,29,2021-10-25 19:24:46.436276
13,Body Wash,940,14,2021-10-25 19:24:46.436288
13,Body Wash,946,12,2021-10-25 19:24:46.436300
13,Body Wash,1024,23,2021-10-25 19:24:46.436313
13,Body Wash,1001,18,2021-10-25 19:24:46.436325
13,Body Wash,1056,13,2021-10-25 19:24:46.436337
13,Body Wash,1036,21,2021-10-25 19:24:46.436350
13,Body Wash,1053,23,2021-10-25 19:24:46.436362
13,Body Wash,1023,12,2021-10-25 19:24:46.436376
13,Body Wash,956,21,2021-10-25 19:24:46.436469
13,Body Wash,1016,15,2021-10-25 19:24:46.436490
13,Body Wash,987,11,2021-10-25 19:24:46.436501
13,Body Wash,1033,32,2021-10-25 19:24:46.436516
13,Body Wash,941,18,2021-10-25 19:24:46.436531
13,Body Wash,1048,15,2021-10-25 19:24:46.436546
13,Body Wash,953,37,2021-10-25 19:24:46.436561
13,Body Wash,1013,13,2021-10-25 19:24:46.436577
13,Body Wash,1042,28,2021-10-25 19:24:46.436593
13,Body Wash,958,23,2021-10-25 19:24:46.436609
13,Body Wash,982,22,2021-10-25 19:24:46.436624
13,Body Wash,1002,29,2021-10-25 19:24:46.436640
13,Body Wash,1031,12,2021-10-25 19:24:46.436656
13,Body Wash,977,20,2021-10-25 19:24:46.436673
13,Body Wash,1011,26,2021-10-25 19:24:46.436689
13,Body Wash,1022,21,2021-10-25 19:24:46.436705
13,Body Wash,969,35,2021-10-25 19:24:46.436721
13,Body Wash,954,29,2021-10-25 19:24:46.436737
13,Body Wash,988,20,2021-10-25 19:24:46.436752
13,Body Wash,1045,18,2021-10-25 19:24:46.436767
13,Body Wash,970,9,2021-10-25 19:24:46.436782
13,Body Wash,948,19,2021-10-25 19:24:46.436797
13,Body Wash,978,22,2021-10-25 19:24:46.436813
13,Body Wash,995,19,2021-10-25 19:24:46.436828
13,Body Wash,966,16,2021-10-25 19:24:46.436844
13,Body Wash,1032,13,2021-10-25 19:24:46.436860
13,Body Wash,1018,19,2021-10-25 19:24:46.436876
13,Body Wash,994,22,2021-10-25 19:24:46.436891
13,Body Wash,981,30,2021-10-25 19:24:46.436906
13,Body Wash,1008,25,2021-10-25 19:24:46.436922
13,Body Wash,1019,30,2021-10-25 19:24:46.436939
13,Body Wash,955,29,2021-10-25 19:24:46.436956
13,Body Wash,1030,26,2021-10-25 19:24:46.436973
13,Body Wash,967,18,2021-10-25 19:24:46.436989
13,Body Wash,1055,40,2021-10-25 19:24:46.437006
13,Body Wash,975,13,2021-10-25 19:24:46.437022
13,Body Wash,1037,34,2021-10-25 19:24:46.437038
13,Body Wash,1009,18,2021-10-25 19:24:46.437054
13,Body Wash,1020,20,2021-10-25 19:24:46.437070
13,Body Wash,1025,22,2021-10-25 19:24:46.437086
13,Body Wash,1026,31,2021-10-25 19:24:46.437102
13,Body Wash,1005,15,2021-10-25 19:24:46.437119
13,Body Wash,965,19,2021-10-25 19:24:46.437135
13,Body Wash,1049,12,2021-10-25 19:24:46.437217
13,Body Wash,1040,11,2021-10-25 19:24:46.437238
13,Body Wash,1039,43,2021-10-25 19:24:46.437254
13,Body Wash,986,23,2021-10-25 19:24:46.437270
13,Body Wash,945,37,2021-10-25 19:24:46.437286
13,Body Wash,947,35,2021-10-25 19:24:46.437302
13,Body Wash,985,29,2021-10-25 19:24:46.437317
13,Body Wash,980,16,2021-10-25 19:24:46.437331
13,Body Wash,1017,20,2021-10-25 19:24:46.437346
13,Body Wash,997,29,2021-10-25 19:24:46.437361
13,Body Wash,1046,12,2021-10-25 19:24:46.437386
13,Body Wash,998,28,2021-10-25 19:24:46.437401
13,Body Wash,1041,14,2021-10-25 19:24:46.437416
14,Bath Oil,1058,28,2021-10-25 19:24:46.448738
14,Bath Oil,1059,11,2021-10-25 19:24:46.448765
14,Bath Oil,1060,26,2021-10-25 19:24:46.448778
14,Bath Oil,1061,14,2021-10-25 19:24:46.448793
14,Bath Oil,1062,7,2021-10-25 19:24:46.448891
14,Bath Oil,1063,17,2021-10-25 19:24:46.448908
14,Bath Oil,1064,12,2021-10-25 19:24:46.448919
14,Bath Oil,1065,8,2021-10-25 19:24:46.448935
14,Bath Oil,1066,22,2021-10-25 19:24:46.448973
14,Bath Oil,1067,18,2021-10-25 19:24:46.449029
14,Bath Oil,1068,21,2021-10-25 19:24:46.449046
14,Bath Oil,1069,14,2021-10-25 19:24:46.449062
14,Bath Oil,1070,5,2021-10-25 19:24:46.449082
14,Bath Oil,1071,22,2021-10-25 19:24:46.449136
14,Bath Oil,1072,17,2021-10-25 19:24:46.449215
14,Bath Oil,1073,10,2021-10-25 19:24:46.449328
14,Bath Oil,1074,15,2021-10-25 19:24:46.449344
14,Bath Oil,1075,19,2021-10-25 19:24:46.449358
14,Bath Oil,1076,18,2021-10-25 19:24:46.449440
14,Bath Oil,1077,11,2021-10-25 19:24:46.449450
14,Bath Oil,1078,16,2021-10-25 19:24:46.449458
14,Bath Oil,1079,14,2021-10-25 19:24:46.449466
14,Bath Oil,1080,10,2021-10-25 19:24:46.449473
14,Bath Oil,1081,19,2021-10-25 19:24:46.449481
14,Bath Oil,1082,20,2021-10-25 19:24:46.449491
14,Bath Oil,1083,10,2021-10-25 19:24:46.449498
14,Bath Oil,1084,23,2021-10-25 19:24:46.449510
14,Bath Oil,1085,19,2021-10-25 19:24:46.449519
14,Bath Oil,1086,17,2021-10-25 19:24:46.449757
14,Bath Oil,1087,22,2021-10-25 19:24:46.449811
14,Bath Oil,1088,16,2021-10-25 19:24:46.449820
14,Bath Oil,1089,11,2021-10-25 19:24:46.449829
